deployment_id,site_id,project_id,start_date,end_date,survey_nights,latitude,longitude,habitat,feature_type
OR_Forest_Forrester_21_dep_01,OR_Forest_Forrester_21_loc_01dup,Snapshot USA 2021,9/1/2021,11/24/2021,84,45.30501,-118.60709,Forest,Trail game
OR_Forest_Forrester_21_dep_02,OR_Forest_Forrester_21_loc_02,Snapshot USA 2021,9/1/2021,11/24/2021,84,45.30404,-118.59492,Forest,Trail game
OR_Forest_Forrester_21_dep_03,OR_Forest_Forrester_21_loc_03,Snapshot USA 2021,9/1/2021,11/5/2021,65,45.30509,-118.58216,Forest,Trail game
OR_Forest_Forrester_21_dep_04,OR_Forest_Forrester_21_loc_04,Snapshot USA 2021,9/1/2021,11/5/2021,65,45.30507,-118.56945,Forest,Trail game
OR_Forest_Forrester_21_dep_05,OR_Forest_Forrester_21_loc_05,Snapshot USA 2021,9/1/2021,10/28/2021,57,45.30468,-118.55659,Forest,Road dirt
OR_Forest_Forrester_21_dep_06,OR_Forest_Forrester_21_loc_06,Snapshot USA 2021,9/1/2021,10/28/2021,57,45.30501,-118.54423,Forest,Road dirt
OR_Forest_Forrester_21_dep_07,OR_Forest_Forrester_21_loc_07,Snapshot USA 2021,9/1/2021,10/28/2021,57,45.30486,-118.53106,Forest,Road dirt
OR_Forest_Forrester_21_dep_08,OR_Forest_Forrester_21_loc_08,Snapshot USA 2021,9/1/2021,11/8/2021,68,45.30592,-118.51761,Forest,Road dirt
OR_Forest_Forrester_21_dep_09,OR_Forest_Forrester_21_loc_09,Snapshot USA 2021,9/1/2021,11/3/2021,63,45.29494,-118.59507,Forest,Trail game
OR_Forest_Forrester_21_dep_10,OR_Forest_Forrester_21_loc_10,Snapshot USA 2021,9/1/2021,11/3/2021,63,45.29564,-118.58151,Forest,Trail game
OR_Forest_Forrester_21_dep_11,OR_Forest_Forrester_21_loc_11,Snapshot USA 2021,9/1/2021,10/10/2021,39,45.29587,-118.56839,Forest,Trail game
OR_Forest_Forrester_21_dep_12,OR_Forest_Forrester_21_loc_12,Snapshot USA 2021,9/1/2021,11/8/2021,68,45.29577,-118.5555,Forest,Trail game
OR_Forest_Forrester_21_dep_13,OR_Forest_Forrester_21_loc_13,Snapshot USA 2021,9/1/2021,11/8/2021,68,45.29614,-118.54317,Forest,Trail game
OR_Forest_Forrester_21_dep_14,OR_Forest_Forrester_21_loc_14,Snapshot USA 2021,9/1/2021,10/28/2021,57,45.2956,-118.53027,Forest,Trail game
OR_Forest_Forrester_21_dep_15,OR_Forest_Forrester_21_loc_15,Snapshot USA 2021,9/1/2021,10/28/2021,57,45.29562,-118.5172,Forest,Trail game
OR_Forest_Forrester_21_dep_16,OR_Forest_Forrester_21_loc_16,Snapshot USA 2021,9/1/2021,11/18/2021,78,45.28684,-118.59365,Forest,Road dirt
OR_Forest_Forrester_21_dep_17,OR_Forest_Forrester_21_loc_17,Snapshot USA 2021,9/1/2021,11/5/2021,65,45.28694,-118.55645,Forest,Trail game
OR_Forest_Forrester_21_dep_18,OR_Forest_Forrester_21_loc_18,Snapshot USA 2021,9/1/2021,11/5/2021,65,45.28759,-118.54345,Forest,Trail game
OR_Forest_Forrester_21_dep_19,OR_Forest_Forrester_21_loc_19,Snapshot USA 2021,9/1/2021,11/8/2021,68,45.28717,-118.53052,Forest,Road dirt
OR_Forest_Forrester_21_dep_20,OR_Forest_Forrester_21_loc_20,Snapshot USA 2021,9/1/2021,11/8/2021,68,45.28731,-118.51752,Forest,Trail game
OR_Forest_Forrester_21_dep_21,OR_Forest_Forrester_21_loc_21,Snapshot USA 2021,9/1/2021,11/4/2021,64,45.27762,-118.57976,Forest,Trail game
OR_Forest_Forrester_21_dep_22,OR_Forest_Forrester_21_loc_22,Snapshot USA 2021,9/1/2021,11/4/2021,64,45.27756,-118.5687,Forest,Road dirt
OR_Forest_Forrester_21_dep_23,OR_Forest_Forrester_21_loc_23,Snapshot USA 2021,9/1/2021,11/24/2021,84,45.27858,-118.55617,Forest,Trail game
OR_Forest_Forrester_21_dep_24,OR_Forest_Forrester_21_loc_24,Snapshot USA 2021,9/1/2021,10/7/2021,36,45.28111,-118.54125,Forest,Trail game
OR_Forest_Forrester_21_dep_25,OR_Forest_Forrester_21_loc_25,Snapshot USA 2021,9/1/2021,9/29/2021,28,45.27793,-118.53086,Forest,Trail game
OR_Forest_Forrester_21_dep_26,OR_Forest_Forrester_21_loc_26,Snapshot USA 2021,9/1/2021,11/23/2021,83,45.27822,-118.51726,Forest,Road dirt
OR_Forest_Forrester_21_dep_27,OR_Forest_Forrester_21_loc_27,Snapshot USA 2021,9/1/2021,9/14/2021,13,45.26916,-118.58069,Forest,Trail game
OR_Forest_Forrester_21_dep_28,OR_Forest_Forrester_21_loc_28,Snapshot USA 2021,9/1/2021,11/4/2021,64,45.26872,-118.56713,Forest,Trail game
WA_Kamiak_21_dep_01,WA_Kamiak_21_loc_01,Snapshot USA 2021,9/17/2021,10/15/2021,28,46.87136,-117.15315,Anthropogenic,Trail game
WA_Kamiak_21_dep_02,WA_Kamiak_21_loc_002,Snapshot USA 2021,9/17/2021,10/15/2021,28,46.87035,-117.15128,Anthropogenic,Trail game
WA_Kamiak_21_loc_0010 09/17/2021,WA_Kamiak_21_loc_0010,Snapshot USA 2021,9/24/2021,10/15/2021,21,46.86254,-117.17386,Anthropogenic,Trail game
WA_Kamiak_21_loc_017 09/17/2021,WA_Kamiak_21_loc_017,Snapshot USA 2021,9/24/2021,10/15/2021,21,46.86314,-117.16644,Anthropogenic,Trail game
WA_Kamiak_21_loc_03 09/17/2021,WA_Kamiak_21_loc_03,Snapshot USA 2021,9/17/2021,10/15/2021,28,46.86914,-117.15094,Anthropogenic,Trail game
WA_Kamiak_21_loc_04 09/17/2021,WA_Kamiak_21_loc_04,Snapshot USA 2021,9/17/2021,9/30/2021,13,46.86703,-117.15267,Anthropogenic,Trail game
WA_Kamiak_21_loc_05 09/17/2021,WA_Kamiak_21_loc_05,Snapshot USA 2021,9/24/2021,10/15/2021,21,46.86577,-117.15746,Anthropogenic,Trail game
WA_Kamiak_21_loc_06 09/17/2021,WA_Kamiak_21_loc_06,Snapshot USA 2021,9/24/2021,10/15/2021,21,46.86653,-117.16013,Anthropogenic,Trail game
WA_Kamiak_21_loc_07 09/17/2021,WA_Kamiak_21_loc_07,Snapshot USA 2021,9/24/2021,10/15/2021,21,46.8644,-117.16098,Anthropogenic,Trail game
WA_Kamiak_21_loc_12 09/17/2021,WA_Kamiak_21_loc_12,Snapshot USA 2021,9/24/2021,10/15/2021,21,46.86596,-117.16371,Anthropogenic,Trail game
WA_Kamiak_21_loc_19 09/17/2021,WA_Kamiak_21_loc_19,Snapshot USA 2021,9/24/2021,10/15/2021,21,46.86548,-117.1549,Anthropogenic,Trail game
WA_Smoot_Hill_0012 10/15/2021,WA_Smoot_Hill_0012,Snapshot USA 2021,10/18/2021,11/12/2021,25,46.82788,-117.216,Forest,Trail game
WA_Smoot_Hill_006 10/15/2021,WA_Smoot_Hill_0006,Snapshot USA 2021,10/16/2021,11/10/2021,25,46.82601,-117.21317,Forest,Trail game
WA_Smoot_Hill_01 10/15/2021,WA_Smoot_Hill_01,Snapshot USA 2021,10/16/2021,11/10/2021,25,46.82758,-117.21301,Forest,Trail game
WA_Smoot_Hill_014 10/15/2021,WA_Smoot_Hill_014,Snapshot USA 2021,10/16/2021,11/10/2021,25,46.82626,-117.22653,Forest,Trail game
WA_Smoot_Hill_016 10/15/2021,WA_Smoot_Hill_016,Snapshot USA 2021,10/16/2021,11/10/2021,25,46.82444,-117.23443,Forest,Trail game
WA_Smoot_Hill_017 10/15/2021,WA_Smoot_Hill_017,Snapshot USA 2021,10/16/2021,11/10/2021,25,46.82974,-117.2294,Forest,Trail game
WA_Smoot_Hill_019 10/15/2021,WA_Smoot_Hill_019,Snapshot USA 2021,10/15/2021,11/10/2021,26,46.82757,-117.2343,Forest,Trail game
WA_Smoot_Hill_02 10/15/2021,WA_Smoot_Hill_02,Snapshot USA 2021,10/16/2021,11/10/2021,25,46.82925,-117.21535,Forest,Trail game
WA_Smoot_Hill_03 10/15/2021,WA_Smoot_Hill_03,Snapshot USA 2021,10/16/2021,11/10/2021,25,46.82801,-117.22096,Forest,Trail game
WA_Smoot_Hill_04 10/15/2021,WA_Smoot_Hill_04,Snapshot USA 2021,10/16/2021,11/10/2021,25,46.82614,-117.23397,Forest,Trail game
WA_Smoot_Hill_05 10/15/2021,WA_Smoot_Hill_05,Snapshot USA 2021,10/16/2021,11/5/2021,20,46.82782,-117.22375,Forest,Trail game
WA_Smoot_Hill_07 10/15/2021,WA_Smoot_Hill_07,Snapshot USA 2021,10/16/2021,11/10/2021,25,46.82983,-117.21767,Forest,Trail game
WA_Smoot_Hill_10 10/15/2021,WA_Smoot_Hill_10,Snapshot USA 2021,10/15/2021,11/10/2021,26,46.82769,-117.23171,Forest,Trail game
SEWA_N05_NRPSS1_SP22,NRPSS1,Seattle Urban Carnivore Project,9/8/2022,10/27/2022,49,47.6892,-122.1711,Anthropogenic,None
SEWA_N06_SWDSS1_SP22,SWDSS1,Seattle Urban Carnivore Project,9/12/2022,11/6/2022,55,47.7096,-122.1045,Anthropogenic,None
ID_Forest_Rachlow_UIEF_22_02_01,UIEF_22_02,Snapshot USA 2022,9/4/2022,10/30/2022,56,46.799697,-116.818914,Forest,None
ID_Forest_Rachlow_UIEF_22_03_01,UIEF_22_03,Snapshot USA 2022,9/4/2022,10/26/2022,52,46.801289,-116.818899,Forest,None
ID_Forest_Rachlow_UIEF_22_04_01,UIEF_22_04,Snapshot USA 2022,9/4/2022,10/30/2022,56,46.802438,-116.819905,Forest,None
ID_Forest_Rachlow_UIEF_22_05_01,UIEF_22_05,Snapshot USA 2022,9/4/2022,10/30/2022,56,46.801736,-116.822134,Forest,None
ID_Forest_Rachlow_UIEF_22_07_01,UIEF_22_07,Snapshot USA 2022,9/4/2022,10/30/2022,56,46.802499,-116.82473,Forest,None
ID_Forest_Rachlow_UIEF_22_08_01,UIEF_22_08,Snapshot USA 2022,9/4/2022,10/30/2022,56,46.803606,-116.826468,Forest,None
ID_Forest_Rachlow_UIEF_22_09_01,UIEF_22_09,Snapshot USA 2022,9/4/2022,10/30/2022,56,46.80194,-116.827928,Forest,None
ID_Forest_Rachlow_UIEF_22_10_01,UIEF_22_10,Snapshot USA 2022,9/4/2022,10/30/2022,56,46.802162,-116.830659,Forest,None
ID_Forest_Rachlow_UIEF_22_12_01,UIEF_22_12,Snapshot USA 2022,9/4/2022,10/30/2022,56,46.798573,-116.80953,Forest,None
ID_Forest_Rachlow_UIEF_22_13_01,UIEF_22_13,Snapshot USA 2022,9/4/2022,10/30/2022,56,46.797668,-116.80785,Forest,None
ID_Forest_Rachlow_UIEF_22_14_01,UIEF_22_14,Snapshot USA 2022,9/3/2022,10/29/2022,56,46.79664,-116.8069,Forest,None
ID_Forest_Rachlow_UIEF_22_15_01,UIEF_22_15,Snapshot USA 2022,9/4/2022,10/30/2022,56,46.794849,-116.807267,Forest,None
ID_Forest_Rachlow_UIEF_22_16_01,UIEF_22_16,Snapshot USA 2022,9/4/2022,10/30/2022,56,46.796754,-116.810388,Forest,None
ID_Forest_Rachlow_UIEF_22_17_01,UIEF_22_17,Snapshot USA 2022,9/4/2022,10/30/2022,56,46.798678,-116.814242,Forest,None
ID_Forest_Rachlow_UIEF_22_18_01,UIEF_22_18,Snapshot USA 2022,9/4/2022,10/30/2022,56,46.796997,-116.814592,Forest,None
ID_Forest_Rachlow_UIEF_22_19_01,UIEF_22_19,Snapshot USA 2022,9/4/2022,10/30/2022,56,46.799635,-116.816468,Forest,None
ID_Forest_Rachlow_UIEF_22_20_01,UIEF_22_20,Snapshot USA 2022,9/4/2022,10/31/2022,57,46.795676,-116.812503,Forest,None
ID_Forest_Rachlow_UIEF_22_31_01,UIEF_22_31,Snapshot USA 2022,9/4/2022,10/31/2022,57,46.798611,-116.810911,Forest,None
ID_Forest_Rachlow_UIEF_22_32_01,UIEF_22_32,Snapshot USA 2022,9/6/2022,10/30/2022,54,46.800889,-116.809329,Forest,None
ID_Forest_Rachlow_UIEF_22_33_01,UIEF_22_33,Snapshot USA 2022,9/4/2022,9/9/2022,5,46.797719,-116.807379,Forest,None
ID_Forest_Rachlow_UIEF_22_34_01,UIEF_22_34,Snapshot USA 2022,9/4/2022,10/30/2022,56,46.79967,-116.809584,Forest,None
ID_Forest_Rachlow_UIEF_22_35_01,UIEF_22_35,Snapshot USA 2022,9/4/2022,10/30/2022,56,46.79977,-116.814297,Forest,None
ID_Forest_Rachlow_UIEF_22_36_01,UIEF_22_36,Snapshot USA 2022,9/4/2022,10/30/2022,56,46.79672,-116.814924,Forest,None
ID_Forest_Rachlow_UIEF_22_37_01,UIEF_22_37,Snapshot USA 2022,9/4/2022,10/30/2022,56,46.794855,-116.815934,Forest,None
ID_Forest_Rachlow_UIEF_22_38_01,UIEF_22_38,Snapshot USA 2022,9/4/2022,10/11/2022,37,46.793971,-116.818541,Forest,None
ID_Forest_Rachlow_UIEF_22_39_01,UIEF_22_39,Snapshot USA 2022,9/4/2022,10/30/2022,56,46.800731999999996,-116.810221,Forest,None
ID_Forest_Rachlow_UIEF_22_40_01,UIEF_22_40,Snapshot USA 2022,9/7/2022,10/30/2022,53,46.802614,-116.81182,Forest,None
ID_Forest_Rachlow_UIEF_22_41_01,UIEF_22_41,Snapshot USA 2022,9/4/2022,10/30/2022,56,46.797086,-116.80805,Forest,None
ID_Forest_Rachlow_UIEF_22_42_01,UIEF_22_42,Snapshot USA 2022,9/4/2022,10/30/2022,56,46.799959,-116.808047,Forest,None
ID_Forest_Rachlow_UIEF_22_43_01,UIEF_22_43,Snapshot USA 2022,9/4/2022,10/30/2022,56,46.794056,-116.812206,Forest,None
ID_Forest_Rachlow_UIEF_22_44_01,UIEF_22_44,Snapshot USA 2022,9/4/2022,10/30/2022,56,46.791904,-116.816095,Forest,None
ID_Forest_Rachlow_UIEF_22_54_01,UIEF_22_54,Snapshot USA 2022,9/4/2022,10/30/2022,56,46.798254,-116.807822,Forest,None
ID_Forest_Rachlow_UIEF_22_55_01,UIEF_22_55,Snapshot USA 2022,9/4/2022,10/30/2022,56,46.797809,-116.809912,Forest,None
WA_Forest_Elwha_22_dep_01,WA_Forest_Elwha_Station19,Snapshot USA 2022,8/15/2022,8/23/2022,8,48.09353,-123.62114,Forest,Trail game
WA_Forest_Elwha_22_dep_02,WA_Forest_Elwha_Station18,Snapshot USA 2022,8/15/2022,10/12/2022,58,48.09212,-123.67484,Forest,None
WA_Forest_Elwha_22_dep_03,WA_Forest_Elwha_Station20,Snapshot USA 2022,8/8/2022,10/12/2022,65,48.09274,-123.56734,Forest,None
WA_Forest_Elwha_22_dep_04,WA_Forest_Elwha_Station30,Snapshot USA 2022,8/18/2022,10/4/2022,47,48.11358,-123.72673,Forest,None
WA_Forest_Elwha_22_dep_06,WA_Forest_Elwha_Station74,Snapshot USA 2022,8/3/2022,10/3/2022,61,48.05744,-123.45978,Forest,None
WA_Forest_Elwha_22_dep_07,WA_Forest_Elwha_Station81,Snapshot USA 2022,8/8/2022,9/17/2022,40,48.09326,-123.51389,Forest,Road dirt
WA_Forest_Elwha_22_dep_08,WA_Forest_Elwha_Station82,Snapshot USA 2022,8/3/2022,10/5/2022,63,48.08353,-123.47905,Forest,None
WA_Forest_Elwha_22_dep_09,WA_Forest_Elwha_Station84,Snapshot USA 2022,8/11/2022,10/27/2022,77,48.08856,-123.44566,Forest,None
WA_Forest_Elwha_22_dep_10,WA_Forest_Elwha_Station85,Snapshot USA 2022,8/3/2022,10/3/2022,61,48.08148,-123.40952,Forest,None
WA_Forest_Elwha_22_dep_11,WA_Forest_Elwha_Station86,Snapshot USA 2022,8/11/2022,10/3/2022,53,48.09766,-123.3931,Forest,None
WA_Forest_Elwha_22_dep_12,WA_Forest_Elwha_Station87,Snapshot USA 2022,8/4/2022,10/9/2022,66,48.07993,-123.37694,Forest,None
WA_Forest_Elwha_22_dep_13,WA_Forest_Elwha_Station88,Snapshot USA 2022,8/2/2022,10/3/2022,62,48.1128,-123.35569,Forest,Trail hiking
WA_Forest_Elwha_22_dep_14,WA_Forest_Elwha_Station93,Snapshot USA 2022,8/4/2022,10/3/2022,60,48.111,-123.31433,Forest,Trail hiking
WA_Forest_Elwha_22_dep_15,WA_Forest_Elwha_Station94,Snapshot USA 2022,8/11/2022,10/3/2022,53,48.09206,-123.31387,Forest,Trail hiking
WA_Forest_Johnson_22_BT04,WA_Forest_Johnson_22_04,Snapshot USA 2022,8/30/2022,11/1/2022,63,47.65975,-122.1680333,Forest,None
WA_Forest_Johnson_22_BT10,WA_Forest_Johnson_22_10,Snapshot USA 2022,9/6/2022,11/15/2022,70,47.65626667,-122.1735,Forest,None
WA_Forest_Johnson_22_BT11,WA_Forest_Johnson_22_11,Snapshot USA 2022,9/6/2022,10/31/2022,55,47.64893333,-122.1760667,Forest,None
WA_Forest_Johnson_22_BT12,WA_Forest_Johnson_22_12,Snapshot USA 2022,9/6/2022,11/15/2022,70,47.65108333,-122.1741333,Forest,None
WA_Forest_OP_08/16/2022,Forest,Snapshot USA 2022,8/19/2022,10/11/2022,53,47.9153,-122.8161,Forest,None
WA_Forest_OP_08/31/2022,WA_OP_Forect_Cam08,Snapshot USA 2022,8/31/2022,10/5/2022,35,47.9501,-123.0293,Forest,None
WA_Forest_OP_Cam03 08/12/2022,WA_OP_Cam03,Snapshot USA 2022,8/12/2022,11/21/2022,101,47.6827,-123.0287,Forest,None
WA_Forest_OP_Cam07 08/30/2022,WA_OP_Cam07,Snapshot USA 2022,8/30/2022,11/4/2022,66,47.95,-123.0837,Forest,None
WA_Forest_OP_Cam101 08/31/2022,WA_OP_Cam101,Snapshot USA 2022,8/31/2022,11/4/2022,65,47.681,-122.9467,Forest,None
WA_Forest_OP_Cam102 08/31/2022,WA_OP_Cam102,Snapshot USA 2022,8/31/2022,11/21/2022,82,47.6622,-122.9314,Forest,None
WA_Forest_OP_Cam20 09/01/2022,WA_OP_Cam20,Snapshot USA 2022,9/1/2022,10/11/2022,40,47.8772,-123.136,Forest,None
WA_Forest_OP_Cam40 08/31/2022,WA_OP_Cam40,Snapshot USA 2022,8/31/2022,10/19/2022,49,47.8071,-122.8787,Forest,None
WA_Forest_OP_Cam41 08/10/2022,WA_OP_Cam41,Snapshot USA 2022,8/10/2022,11/21/2022,103,47.7347,-123.0208,Forest,None
WA_Forest_OP_Cam46 08/14/2022,WA_OP_Cam46,Snapshot USA 2022,8/14/2022,11/21/2022,99,47.7194,-122.999,Forest,None
WA_Forest_OP_Cam57 08/03/2022,WA_OP_Cam57,Snapshot USA 2022,8/3/2022,11/4/2022,93,47.64656,-123.0653,Forest,None
WA_Forest_OP_Cam94 08/10/2022,WA_OP_Cam94,Snapshot USA 2022,8/10/2022,11/4/2022,86,47.7111,-122.8927,Forest,None
WA_Forest_OP_Cam95 08/31/2022,WA_OP_Cam95,Snapshot USA 2022,8/31/2022,11/21/2022,82,47.6977,-122.9282,Forest,None
WA_Forest_OP_Forest2 08/31/2022,WA_OP_Cam99,Snapshot USA 2022,8/31/2022,10/19/2022,49,47.8566,-122.6883,Forest,None
ID_Forest_Rural_Rachlow_23_1,cam1,Snapshot USA 2023,8/29/2023,10/24/2023,56,46.783266,-116.793047,Forest,Other
ID_Forest_Rural_Rachlow_23_13,cam13,Snapshot USA 2023,8/28/2023,10/23/2023,56,46.798135,-116.810909,Forest,Other
ID_Forest_Rural_Rachlow_23_15,cam15,Snapshot USA 2023,8/29/2023,10/24/2023,56,46.786126,-116.793778,Forest,Other
ID_Forest_Rural_Rachlow_23_17,rachlow_17,Snapshot USA 2023,8/28/2023,10/22/2023,55,46.8026,-116.813315,Forest,Other
ID_Forest_Rural_Rachlow_23_18,cam18,Snapshot USA 2023,8/28/2023,10/23/2023,56,46.802151,-116.811939,Forest,Other
ID_Forest_Rural_Rachlow_23_19,cam19,Snapshot USA 2023,8/28/2023,10/23/2023,56,46.79926,-116.812648,Forest,Other
ID_Forest_Rural_Rachlow_23_2,cam2,Snapshot USA 2023,8/29/2023,10/24/2023,56,46.781055,-116.792325,Forest,Other
ID_Forest_Rural_Rachlow_23_20,cam20,Snapshot USA 2023,8/29/2023,10/24/2023,56,46.787477,-116.79255,Forest,Other
ID_Forest_Rural_Rachlow_23_31,cam31,Snapshot USA 2023,8/28/2023,10/23/2023,56,46.802186,-116.819133,Forest,Other
ID_Forest_Rural_Rachlow_23_32,cam32,Snapshot USA 2023,8/28/2023,10/23/2023,56,46.798782,-116.820746,Forest,Other
ID_Forest_Rural_Rachlow_23_33,cam33,Snapshot USA 2023,8/28/2023,10/23/2023,56,46.802101,-116.808831,Forest,Other
ID_Forest_Rural_Rachlow_23_35,cam35,Snapshot USA 2023,8/28/2023,9/15/2023,18,46.801324,-116.81803,Forest,Other
ID_Forest_Rural_Rachlow_23_36,cam36,Snapshot USA 2023,8/28/2023,10/23/2023,56,46.801769,-116.815812,Forest,Other
ID_Forest_Rural_Rachlow_23_38,cam38,Snapshot USA 2023,8/29/2023,10/24/2023,56,46.782677,-116.794891,Forest,Other
ID_Forest_Rural_Rachlow_23_39,rachlow_39,Snapshot USA 2023,8/28/2023,10/22/2023,55,46.80367,-116.81166,Forest,Other
ID_Forest_Rural_Rachlow_23_43,rachlow_43,Snapshot USA 2023,8/28/2023,10/23/2023,56,46.80149,-116.81345,Forest,Other
ID_Forest_Rural_Rachlow_23_44,cam44,Snapshot USA 2023,8/28/2023,9/4/2023,7,46.797673,-116.813708,Forest,Other
ID_Forest_Rural_Rachlow_23_45,cam45,Snapshot USA 2023,8/29/2023,10/24/2023,56,46.786531,-116.793764,Forest,Other
ID_Forest_Rural_Rachlow_23_46,cam46,Snapshot USA 2023,8/28/2023,10/23/2023,56,46.800034,-116.81192,Forest,Other
ID_Forest_Rural_Rachlow_23_48,rachlow_cam48,Snapshot USA 2023,8/28/2023,9/27/2023,30,46.80473,-116.813295,Forest,Other
ID_Forest_Rural_Rachlow_23_5,cam5,Snapshot USA 2023,8/29/2023,10/30/2023,62,46.785391,-116.793889,Forest,Other
ID_Forest_Rural_Rachlow_23_54,cam54,Snapshot USA 2023,8/28/2023,10/22/2023,55,46.799727,-116.816551,Forest,Other
ID_Forest_Rural_Rachlow_23_55,cam55,Snapshot USA 2023,8/28/2023,10/23/2023,56,46.798331,-116.813699,Forest,Other
ID_Forest_Rural_Rachlow_23_57,cam57,Snapshot USA 2023,8/29/2023,10/24/2023,56,46.786819,-116.797072,Forest,Other
ID_Forest_Rural_Rachlow_23_9,cam9,Snapshot USA 2023,8/29/2023,10/24/2023,56,46.785652,-116.797948,Forest,Other
OR_McMinnville_CentralOak_Vikeri_Cam4,OR_CentralOak_Cam4,Snapshot USA 2023,8/27/2023,10/15/2023,49,45.22288,-123.25087,Grassland,Trail game
OR_McMinnville_EastCreekOak_SS23_Cam7,OR_EastCreekOak_SS23_Cam7,Snapshot USA 2023,10/16/2023,10/17/2023,1,45.22511,-123.24786,Grassland,Trail game
OR_McMinnville_PropertyLine_West_SS23_Cam10 08/27/2023,OR_PropertyLine_West_SS23_Cam10,Snapshot USA 2023,8/29/2023,10/31/2023,63,45.223942,-123.2531087,Grassland,Trail game
OR_McMinnville_QuailTreeWest_SS23_Cam3 08/27/2023,OR_QuailTreeWest_SS23_Cam3,Snapshot USA 2023,8/27/2023,10/15/2023,49,45.22109,-123.25154,Grassland,Fruiting tree
OR_McMinnville_W.Grassland.Run_SS23_Cam1 08/23/2023,OR_Grassland.Run_SS23_Cam1,Snapshot USA 2023,10/14/2023,10/30/2023,16,45.223,-123.25295,Grassland,Other
OR_McMinnville_West.Forest.Snag_SS23_Cam2 08/27/2023,OR_West.Forest.Snag_SS23_Cam2,Snapshot USA 2023,8/27/2023,10/31/2023,65,45.2201,-123.25273,Grassland,Trail game
OR_McMinnville_WestRiverBank_SS23_Cam9 08/27/2023,OR_WestRiverBank_SS23_Cam9,Snapshot USA 2023,8/29/2023,10/31/2023,63,45.22492,-123.25219,Grassland,Water source
OR_McMinnville_WestRiverBank_Snag_SS23_Cam11 08/27/2023,OR_WestRiverBank_Snag_SS23_Cam11,Snapshot USA 2023,8/29/2023,10/31/2023,63,45.2251603,-123.250406,Grassland,Water source
WA_East Olympic_40 08/27/2023,WA_East Olympic_40,Snapshot USA 2023,8/27/2023,11/2/2023,67,47.8007,-122.9073,Forest,None
WA_EastOlympic_05 08/31/2023,WA_EastOlympic_05,Snapshot USA 2023,8/31/2023,11/7/2023,68,47.97183,-123.007,Forest,None
WA_EastOlympic_18 08/28/2023,WA_EastOlympic_18,Snapshot USA 2023,8/28/2023,11/19/2023,83,47.8966,-123.0044,Forest,None
WA_EastOlympic_64 08/28/2023,WA_EastOlympic_64,Snapshot USA 2023,8/28/2023,9/29/2023,32,47.9152,-122.8161,Forest,None
WA_Forest_EastOlympic_23 08/31/2023,WA_EastOlympic_23,Snapshot USA 2023,8/31/2023,10/12/2023,42,47.8775,-122.9662,Forest,None
WA_Forest_EastOlympic_76 08/31/2023,WA_EastOlympic_76,Snapshot USA 2023,8/31/2023,10/2/2023,32,48.0559,-123.1382,Forest,Trail game
WA_Forest_EastOlympic_83 08/30/2023,WA_EastOlympic_83,Snapshot USA 2023,8/30/2023,10/6/2023,37,48.0088,-122.8049,Forest,Trail game
WA_Forest_EastOlympic_OP_97 08/30/2023,WA_OP_97,Snapshot USA 2023,8/24/2023,11/2/2023,70,47.8788,-122.8162,Forest,None
WA_Forest_Johnson_23_BT10,WA_Forest_Johnson_23_BT10,Snapshot USA 2023,8/31/2023,10/31/2023,61,47.65623,-122.1735,Forest,None
WA_Forest_Johnson_23_BT11,WA_Forest_Johnson_23_BT11,Snapshot USA 2023,8/31/2023,10/29/2023,59,47.6486,-122.1757,Forest,None
WA_Forest_Johnson_23_BT12,WA_Forest_Johnson_23_BT12,Snapshot USA 2023,8/31/2023,11/1/2023,62,47.65109,-122.17401,Forest,None
WA_Forest_Johnson_23_BT4,WA_Forest_Johnson_23_BT4,Snapshot USA 2023,8/31/2023,11/21/2023,82,47.65975,-122.1682,Forest,None
SEWA_N02_DRPSS_SP19_OFF,SEWA_N02_DRPSS_SP19_OFF,Seattle Urban Carnivore Project,9/5/2019,9/12/2019,7,47.64388,-122.3604,Anthropogenic,None
SEWA_N02_PHNSS_SP19_OFF,SEWA_N02_PHNSS_SP19_OFF,Seattle Urban Carnivore Project,8/31/2019,11/8/2019,69,47.6708,-122.3596,Anthropogenic,Trail hiking
SEWA_N04_JBPSS_SP19_OFF,SEWA_N04_JBPSS_SP19_OFF,Seattle Urban Carnivore Project,9/6/2019,10/31/2019,55,47.69609,-122.20199,Anthropogenic,None
SEWA_N07_RWPSS_SP19_OFF,SEWA_N07_RWPSS_SP19_OFF,Seattle Urban Carnivore Project,9/3/2019,11/2/2019,60,47.7149,-122.0412,Anthropogenic,None
SEWA_NO3_MGPSS_SP19_OFF,SEWA_NO3_MGPSS_SP19_OFF,Seattle Urban Carnivore Project,9/7/2019,10/31/2019,54,47.68061,-122.25077,Anthropogenic,None
SEWA_NO3_RVPSS_SP19_OFF,SEWA_NO3_RVPSS_SP19_OFF,Seattle Urban Carnivore Project,9/6/2019,11/1/2019,56,47.67291,-122.30907,Anthropogenic,None
SEWA_NO5_SVPSS_SP19_OFF,SEWA_NO5_SVPSS_SP19_OFF,Seattle Urban Carnivore Project,9/6/2019,11/1/2019,56,47.70674,-122.14906,Anthropogenic,None
SEWA_NO6_SWDSS_SP19_OFF,SEWA_NO6_SWDSS_SP19_OFF,Seattle Urban Carnivore Project,10/10/2019,10/19/2019,9,47.70982,-122.10448,Anthropogenic,None
ID_Forest_Galena_1,ID_Forest_Galena_1,Snapshot USA 2019,9/15/2019,10/19/2019,34,43.85301,-114.61059,Forest,None
ID_Forest_Galena_2,ID_Forest_Galena_2,Snapshot USA 2019,9/1/2019,10/16/2019,45,43.83749,-114.61117,Forest,None
ID_Forest_Galena_3,ID_Forest_Galena_3,Snapshot USA 2019,9/1/2019,10/24/2019,53,43.87335,-114.63296,Forest,None
ID_Forest_Galena_4,ID_Forest_Galena_4,Snapshot USA 2019,9/15/2019,10/24/2019,39,43.82284,-114.6235,Forest,None
ID_Forest_Galena_5,ID_Forest_Galena_5,Snapshot USA 2019,9/15/2019,10/19/2019,34,43.83664,-114.63902,Forest,None
ID_Forest_Galena_6,ID_Forest_Galena_6,Snapshot USA 2019,9/1/2019,10/16/2019,45,43.88966,-114.68813,Forest,None
ID_Forest_Galena_7,ID_Forest_Galena_7,Snapshot USA 2019,9/1/2019,10/16/2019,45,43.9053,-114.67992,Forest,None
ID_Forest_Galena_8,ID_Forest_Galena_8,Snapshot USA 2019,9/1/2019,10/16/2019,45,43.87229,-114.70593,Forest,None
ID_Forest_Hailey_1,ID_Forest_Hailey_1,Snapshot USA 2019,9/1/2019,10/24/2019,53,43.53206,-114.5214,Forest,None
ID_Forest_Hailey_10,ID_Forest_Hailey_10,Snapshot USA 2019,9/1/2019,10/23/2019,52,43.49928,-114.4926,Forest,None
ID_Forest_Hailey_2,ID_Forest_Hailey_2,Snapshot USA 2019,9/1/2019,10/24/2019,53,43.55942,-114.49716,Forest,None
ID_Forest_Hailey_4,ID_Forest_Hailey_4,Snapshot USA 2019,9/1/2019,10/17/2019,46,43.62649,-114.4029,Forest,None
ID_Forest_Hailey_5,ID_Forest_Hailey_5,Snapshot USA 2019,9/1/2019,10/17/2019,46,43.61499,-114.4136,Forest,None
ID_Forest_Hailey_6,ID_Forest_Hailey_6,Snapshot USA 2019,9/1/2019,9/27/2019,26,43.55825,-114.51784,Forest,None
ID_Forest_Hailey_7,ID_Forest_Hailey_7,Snapshot USA 2019,9/1/2019,10/23/2019,52,43.54676,-114.48647,Forest,None
ID_Forest_Hailey_8,ID_Forest_Hailey_8,Snapshot USA 2019,9/1/2019,10/24/2019,53,43.54587,-114.4413,Forest,None
ID_Forest_Hailey_9,ID_Forest_Hailey_9,Snapshot USA 2019,9/1/2019,10/17/2019,46,43.58169,-114.4318,Forest,None
ID_Forest_Sun_Valley_1,ID_Forest_Sun_Valley_1,Snapshot USA 2019,9/1/2019,10/18/2019,47,43.76833,-114.25939,Forest,None
ID_Forest_Sun_Valley_10,ID_Forest_Sun_Valley_10,Snapshot USA 2019,9/1/2019,10/17/2019,46,43.7002,-114.27441,Forest,None
ID_Forest_Sun_Valley_11,ID_Forest_Sun_Valley_11,Snapshot USA 2019,9/1/2019,10/22/2019,51,43.60068,-114.2006,Forest,None
ID_Forest_Sun_Valley_2,ID_Forest_Sun_Valley_2,Snapshot USA 2019,9/1/2019,10/18/2019,47,43.75554,-114.22144,Forest,None
ID_Forest_Sun_Valley_3,ID_Forest_Sun_Valley_3,Snapshot USA 2019,9/3/2019,10/18/2019,45,43.74519,-114.2242,Forest,None
ID_Forest_Sun_Valley_4,ID_Forest_Sun_Valley_4,Snapshot USA 2019,9/3/2019,10/25/2019,52,43.73635,-114.22157,Forest,None
ID_Forest_Sun_Valley_5,ID_Forest_Sun_Valley_5,Snapshot USA 2019,9/1/2019,10/17/2019,46,43.71683,-114.25973,Forest,None
ID_Forest_Sun_Valley_6,ID_Forest_Sun_Valley_6,Snapshot USA 2019,9/1/2019,10/20/2019,49,43.69706,-114.20373,Forest,None
ID_Forest_Sun_Valley_7,ID_Forest_Sun_Valley_7,Snapshot USA 2019,9/1/2019,10/20/2019,49,43.68891,-114.22162,Forest,None
ID_Forest_Sun_Valley_8,ID_Forest_Sun_Valley_8,Snapshot USA 2019,9/1/2019,10/22/2019,51,43.66397,-114.14082,Forest,None
ID_Forest_Sun_Valley_9,ID_Forest_Sun_Valley_9,Snapshot USA 2019,9/4/2019,10/20/2019,46,43.67903,-114.16431,Forest,None
OR_Forest_Oregon_State_University_1,OR_Forest_Oregon_State_University_1,Snapshot USA 2019,9/6/2019,10/23/2019,47,44.43746,-123.4404,Forest,None
OR_Forest_Oregon_State_University_10,OR_Forest_Oregon_State_University_10,Snapshot USA 2019,9/6/2019,10/23/2019,47,44.41524,-123.44887,Forest,None
OR_Forest_Oregon_State_University_11,OR_Forest_Oregon_State_University_11,Snapshot USA 2019,9/6/2019,10/23/2019,47,44.41208,-123.45385,Forest,None
OR_Forest_Oregon_State_University_13,OR_Forest_Oregon_State_University_13,Snapshot USA 2019,9/6/2019,10/23/2019,47,44.41071,-123.47724,Forest,None
OR_Forest_Oregon_State_University_14,OR_Forest_Oregon_State_University_14,Snapshot USA 2019,9/6/2019,10/23/2019,47,44.42231,-123.42228,Forest,None
OR_Forest_Oregon_State_University_15,OR_Forest_Oregon_State_University_15,Snapshot USA 2019,9/6/2019,10/23/2019,47,44.42335,-123.4269,Forest,None
OR_Forest_Oregon_State_University_2,OR_Forest_Oregon_State_University_2,Snapshot USA 2019,9/6/2019,10/23/2019,47,44.43848,-123.44706,Forest,None
OR_Forest_Oregon_State_University_5,OR_Forest_Oregon_State_University_5,Snapshot USA 2019,9/6/2019,10/23/2019,47,44.42362,-123.4461,Forest,None
OR_Forest_Oregon_State_University_7,OR_Forest_Oregon_State_University_7,Snapshot USA 2019,9/6/2019,10/23/2019,47,44.42099,-123.41943,Forest,None
OR_Forest_Starkey_Experimental_Forest_14B,OR_Forest_Starkey_Experimental_Forest_14B,Snapshot USA 2019,9/2/2019,10/11/2019,39,45.30413,-118.59501,Forest,None
OR_Forest_Starkey_Experimental_Forest_15B,OR_Forest_Starkey_Experimental_Forest_15B,Snapshot USA 2019,9/1/2019,10/4/2019,33,45.30507,-118.58209,Forest,None
OR_Forest_Starkey_Experimental_Forest_26,OR_Forest_Starkey_Experimental_Forest_26,Snapshot USA 2019,9/1/2019,10/2/2019,31,45.29552,-118.58155,Forest,None
OR_Forest_Starkey_Experimental_Forest_36B,OR_Forest_Starkey_Experimental_Forest_36B,Snapshot USA 2019,9/10/2019,10/2/2019,22,45.28672,-118.59368,Forest,None
OR_Forest_Starkey_Experimental_Forest_37,OR_Forest_Starkey_Experimental_Forest_37,Snapshot USA 2019,9/1/2019,10/2/2019,31,45.28695,-118.58028,Forest,None
OR_Forest_Starkey_Experimental_Forest_38,OR_Forest_Starkey_Experimental_Forest_38,Snapshot USA 2019,9/1/2019,10/2/2019,31,45.28624,-118.5694,Forest,Trail hiking
OR_Forest_Starkey_Experimental_Forest_39,OR_Forest_Starkey_Experimental_Forest_39,Snapshot USA 2019,9/5/2019,10/4/2019,29,45.28681,-118.55641,Forest,None
OR_Forest_Starkey_Experimental_Forest_40,OR_Forest_Starkey_Experimental_Forest_40,Snapshot USA 2019,9/1/2019,10/2/2019,31,45.28763,-118.54344,Forest,None
OR_Forest_Starkey_Experimental_Forest_46,OR_Forest_Starkey_Experimental_Forest_46,Snapshot USA 2019,9/1/2019,10/8/2019,37,45.27832,-118.60679,Forest,None
OR_Forest_Starkey_Experimental_Forest_48B,OR_Forest_Starkey_Experimental_Forest_48B,Snapshot USA 2019,9/3/2019,10/4/2019,31,45.27778,-118.57935,Forest,None
OR_Forest_Starkey_Experimental_Forest_49B,OR_Forest_Starkey_Experimental_Forest_49B,Snapshot USA 2019,9/1/2019,10/4/2019,33,45.277589999999996,-118.56878,Forest,Road dirt
OR_Forest_Starkey_Experimental_Forest_50B,OR_Forest_Starkey_Experimental_Forest_50B,Snapshot USA 2019,9/1/2019,10/4/2019,33,45.27851,-118.55618,Forest,None
OR_Forest_Starkey_Experimental_Forest_51B,OR_Forest_Starkey_Experimental_Forest_51B,Snapshot USA 2019,9/1/2019,10/2/2019,31,45.27849,-118.54291,Forest,Trail hiking
OR_Forest_Starkey_Experimental_Forest_59B,OR_Forest_Starkey_Experimental_Forest_59B,Snapshot USA 2019,9/1/2019,10/4/2019,33,45.26926,-118.58045,Forest,None
OR_Forest_Starkey_Experimental_Forest_60B,OR_Forest_Starkey_Experimental_Forest_60B,Snapshot USA 2019,9/3/2019,10/4/2019,31,45.26884,-118.56695,Forest,None
OR_Forest_Cow_Creek_20_01,OR_Forest_Cow_Creek_20_01,Snapshot USA 2020,10/6/2020,10/27/2020,21,43.11358,-123.04456,Forest,Trail hiking
OR_Forest_Cow_Creek_20_02,OR_Forest_Cow_Creek_20_02,Snapshot USA 2020,10/6/2020,10/27/2020,21,43.10405,-123.03687,Forest,None
OR_Forest_Cow_Creek_20_03,OR_Forest_Cow_Creek_20_03,Snapshot USA 2020,10/6/2020,10/27/2020,21,43.08963,-123.03425,Forest,None
OR_Forest_Cow_Creek_20_04,OR_Forest_Cow_Creek_20_04,Snapshot USA 2020,10/6/2020,10/27/2020,21,43.08571,-122.98076,Forest,None
OR_Forest_Cow_Creek_20_05,OR_Forest_Cow_Creek_20_05,Snapshot USA 2020,10/6/2020,10/27/2020,21,43.08825,-122.96037,Forest,None
OR_Forest_Cow_Creek_20_06,OR_Forest_Cow_Creek_20_06,Snapshot USA 2020,10/6/2020,10/27/2020,21,43.08361,-122.9912,Forest,None
OR_Forest_Cow_Creek_20_09,OR_Forest_Cow_Creek_20_09,Snapshot USA 2020,10/5/2020,10/27/2020,22,43.06712,-122.95845,Forest,None
OR_Forest_Cow_Creek_20_10,OR_Forest_Cow_Creek_20_10,Snapshot USA 2020,10/5/2020,10/27/2020,22,43.05536,-122.95079,Forest,None
OR_Forest_Cow_Creek_20_11,OR_Forest_Cow_Creek_20_11,Snapshot USA 2020,10/5/2020,10/27/2020,22,43.05504,-122.93709,Forest,None
OR_Forest_Cow_Creek_20_12,OR_Forest_Cow_Creek_20_12,Snapshot USA 2020,10/5/2020,10/27/2020,22,43.03803,-122.94518,Forest,None
OR_Forest_Cow_Creek_20_16,OR_Forest_Cow_Creek_20_16,Snapshot USA 2020,10/5/2020,10/27/2020,22,43.01642,-122.92581,Forest,None
OR_Forest_Cow_Creek_20_17,OR_Forest_Cow_Creek_20_17,Snapshot USA 2020,10/5/2020,10/27/2020,22,42.99731,-122.94067,Forest,None
OR_Forest_Cow_Creek_20_18,OR_Forest_Cow_Creek_20_18,Snapshot USA 2020,10/5/2020,10/27/2020,22,42.97698,-122.94605,Forest,None
OR_Forest_Oregon_State_University_20_04,OR_Forest_Oregon_State_University_20_04,Snapshot USA 2020,9/4/2020,10/24/2020,50,44.4295,-123.4507,Forest,None
SEWA_N01_LTPSS_SP20_OFF,SEWA_N01_LTPSS_SP20_OFF,Snapshot USA 2020,8/25/2020,10/29/2020,65,47.6557,-122.3914,Anthropogenic,None
SEWA_N02_DRPSS_SP20_OFF_reupload,SEWA_N02_DRPSS_SP20_OFF_reupload,Snapshot USA 2020,9/24/2020,11/20/2020,57,47.6449,-122.3582,Anthropogenic,None
SEWA_N06_SWDSS_SP20_OFF,SEWA_N06_SWDSS_SP20_OFF,Snapshot USA 2020,8/24/2020,11/6/2020,74,47.70977,-122.10445,Anthropogenic,None
SEWA_N07_RWPSS_SP20_0FF,SEWA_N07_RWPSS_SP20_0FF,Snapshot USA 2020,8/28/2020,10/30/2020,63,47.7149,-122.04111,Anthropogenic,None
WA_Forest_Lower_Elwha_20_02,WA_Forest_Lower_Elwha_20_02,Snapshot USA 2020,8/31/2020,11/6/2020,67,48.07076,-124.104,Forest,None
WA_Forest_Lower_Elwha_20_03,WA_Forest_Lower_Elwha_20_03,Snapshot USA 2020,8/31/2020,11/2/2020,63,48.10678,-124.10503,Forest,None
WA_Forest_Lower_Elwha_20_04,WA_Forest_Lower_Elwha_20_04,Snapshot USA 2020,8/7/2020,11/2/2020,87,48.1251,-124.132,Forest,None
WA_Forest_Lower_Elwha_20_06,WA_Forest_Lower_Elwha_20_06,Snapshot USA 2020,8/1/2020,9/16/2020,46,48.14371,-123.73232,Forest,None
WA_Forest_Lower_Elwha_20_08,WA_Forest_Lower_Elwha_20_08,Snapshot USA 2020,8/28/2020,11/1/2020,65,48.12684,-123.54896,Forest,None
WA_Forest_Lower_Elwha_20_09,WA_Forest_Lower_Elwha_20_09,Snapshot USA 2020,8/19/2020,9/29/2020,41,48.12744,-123.863,Forest,None
WA_Forest_Lower_Elwha_20_10,WA_Forest_Lower_Elwha_20_10,Snapshot USA 2020,8/26/2020,10/7/2020,42,47.96833,-123.11054,Forest,None
WA_Forest_Lower_Elwha_20_12,WA_Forest_Lower_Elwha_20_12,Snapshot USA 2020,8/31/2020,11/19/2020,80,48.14621,-123.89422,Forest,None
WA_Forest_Lower_Elwha_20_13,WA_Forest_Lower_Elwha_20_13,Snapshot USA 2020,8/30/2020,11/1/2020,63,48.09341,-123.621,Forest,None
WA_Forest_Lower_Elwha_20_14,WA_Forest_Lower_Elwha_20_14,Snapshot USA 2020,8/30/2020,11/1/2020,63,48.10664,-124.212,Forest,None
WA_Forest_Lower_Elwha_20_15,WA_Forest_Lower_Elwha_20_15,Snapshot USA 2020,8/28/2020,11/2/2020,66,48.10829,-123.88921,Forest,None
WA_Forest_Olympic_Peninsula_20_02,WA_Forest_Olympic_Peninsula_20_02,Snapshot USA 2020,8/5/2020,11/23/2020,110,48,-123,Forest,None
WA_Forest_Olympic_Peninsula_20_03,WA_Forest_Olympic_Peninsula_20_03,Snapshot USA 2020,8/10/2020,11/30/2020,112,47.95,-122.87,Forest,None
WA_Forest_Olympic_Peninsula_20_04,WA_Forest_Olympic_Peninsula_20_04,Snapshot USA 2020,8/12/2020,11/30/2020,110,47.89,-122.68,Forest,None
WA_Forest_Olympic_Peninsula_20_05,WA_Forest_Olympic_Peninsula_20_05,Snapshot USA 2020,8/21/2020,11/30/2020,101,47.88,-122.66,Forest,None
WA_Forest_Olympic_Peninsula_20_07,WA_Forest_Olympic_Peninsula_20_07,Snapshot USA 2020,8/12/2020,11/30/2020,110,47.91,-122.81,Forest,None
WA_Forest_Olympic_Peninsula_20_08,WA_Forest_Olympic_Peninsula_20_08,Snapshot USA 2020,9/9/2020,12/1/2020,83,47.78,-122.77,Forest,None
WA_Forest_Olympic_Peninsula_20_10,WA_Forest_Olympic_Peninsula_20_10,Snapshot USA 2020,8/4/2020,10/3/2020,60,47.99,-123.03,Forest,None
WA_Forest_Olympic_Peninsula_20_11,WA_Forest_Olympic_Peninsula_20_11,Snapshot USA 2020,8/4/2020,11/23/2020,111,47.98,-122.97,Forest,None
WA_Forest_Olympic_Peninsula_20_12,WA_Forest_Olympic_Peninsula_20_12,Snapshot USA 2020,8/1/2020,11/19/2020,110,47.97,-123.06,Forest,None
WA_Forest_Olympic_Peninsula_20_13,WA_Forest_Olympic_Peninsula_20_13,Snapshot USA 2020,8/1/2020,11/20/2020,111,47.968,-123.003,Forest,None
WA_Forest_Olympic_Peninsula_20_14,WA_Forest_Olympic_Peninsula_20_14,Snapshot USA 2020,8/2/2020,12/3/2020,123,47.96,-122.95,Forest,None
WA_Forest_Olympic_Peninsula_20_15,WA_Forest_Olympic_Peninsula_20_15,Snapshot USA 2020,8/13/2020,12/3/2020,112,47.95,-123.03,Forest,None
Oregon_Forest_Lesmeister_21_dep_01,Oregon_Forest_Lesmeister_21_loc_01,Snapshot USA 2021,9/23/2021,11/6/2021,44,44.4374171,-123.4395317,Forest,None
Oregon_Forest_Lesmeister_21_dep_02,Oregon_Forest_Lesmeister_21_loc_02,Snapshot USA 2021,9/23/2021,11/6/2021,44,44.43729137,-123.4464166,Forest,None
Oregon_Forest_Lesmeister_21_dep_03,Oregon_Forest_Lesmeister_21_loc_03,Snapshot USA 2021,9/23/2021,11/6/2021,44,44.43306972,-123.4523834,Forest,None
Oregon_Forest_Lesmeister_21_dep_04,Oregon_Forest_Lesmeister_21_loc_04,Snapshot USA 2021,9/23/2021,11/6/2021,44,44.42941522,-123.450666,Forest,None
Oregon_Forest_Lesmeister_21_dep_05,Oregon_Forest_Lesmeister_21_loc_05,Snapshot USA 2021,9/23/2021,11/6/2021,44,44.42243538,-123.4467558,Forest,None
Oregon_Forest_Lesmeister_21_dep_06,Oregon_Forest_Lesmeister_21_loc_06,Snapshot USA 2021,9/23/2021,11/6/2021,44,44.41901465,-123.4466669,Forest,None
Oregon_Forest_Lesmeister_21_dep_07,Oregon_Forest_Lesmeister_21_loc_07,Snapshot USA 2021,9/23/2021,11/6/2021,44,44.41525255,-123.4486857,Forest,None
Oregon_Forest_Lesmeister_21_dep_08,Oregon_Forest_Lesmeister_21_loc_08,Snapshot USA 2021,9/23/2021,11/6/2021,44,44.41208846,-123.4538643,Forest,None
Oregon_Forest_Lesmeister_21_dep_09,Oregon_Forest_Lesmeister_21_loc_09,Snapshot USA 2021,9/23/2021,11/6/2021,44,44.40896662,-123.4620278,Forest,None
Oregon_Forest_Lesmeister_21_dep_10,Oregon_Forest_Lesmeister_21_loc_10,Snapshot USA 2021,9/23/2021,11/6/2021,44,44.40901124,-123.4699743,Forest,None
Oregon_Forest_Lesmeister_21_dep_11,Oregon_Forest_Lesmeister_21_loc_11,Snapshot USA 2021,9/23/2021,11/6/2021,44,44.41071298,-123.4772571,Forest,None
Oregon_Forest_Lesmeister_21_dep_12,Oregon_Forest_Lesmeister_21_loc_12,Snapshot USA 2021,9/23/2021,11/6/2021,44,44.40811798,-123.4879106,Forest,None
Oregon_Forest_Lesmeister_21_dep_13,Oregon_Forest_Lesmeister_21_loc_13,Snapshot USA 2021,9/23/2021,11/6/2021,44,44.41027846,-123.4807754,Forest,None
Oregon_Forest_Lesmeister_21_dep_14,Oregon_Forest_Lesmeister_21_loc_14,Snapshot USA 2021,9/23/2021,11/6/2021,44,44.4098785,-123.4575996,Forest,None
Oregon_Forest_Lesmeister_21_dep_15,Oregon_Forest_Lesmeister_21_loc_15,Snapshot USA 2021,9/23/2021,11/6/2021,44,44.42656037,-123.4486214,Forest,None
DavidRodgersParkSS1_04OCT23-08NOV23,DRPSS1,Seattle Urban Carnivore Project,10/4/2023,11/8/2023,35,47.64473,-122.3583,Forest,None
DavidRodgersParkSS1_05SEP23-04OCT23,DRPSS1,Seattle Urban Carnivore Project,9/5/2023,10/4/2023,29,47.64473,-122.3583,Forest,None
DiscoveryParkSS1_01OCT23 - 05NOV23,DSPSS1,Seattle Urban Carnivore Project,10/1/2023,11/5/2023,35,47.660738,-122.422645,Forest,None
DiscoveryParkSS1_02SEP23-01OCT23,DSPSS1,Seattle Urban Carnivore Project,9/2/2023,10/1/2023,29,47.660738,-122.422645,Forest,None
InvernessRavineParkSS1_08OCT23-12NOV23,IRPSS1,Seattle Urban Carnivore Project,10/8/2023,11/12/2023,35,47.69039,-122.28094,Forest,None
InvernessRavineParkSS1_17SEP23-08OCT23,IRPSS1,Seattle Urban Carnivore Project,9/17/2023,10/8/2023,21,47.69039,-122.28094,Forest,None
JuanitaBayParkSS1_29AUG23-29SEP23,JBPSS1,Seattle Urban Carnivore Project,8/29/2023,9/29/2023,31,47.69621,-122.20211,Forest,None
JuanitaBayParkSS1_29SEP23-07OCT23,JBPSS1,Seattle Urban Carnivore Project,9/29/2023,10/7/2023,8,47.69621,-122.20211,Forest,None
LawtonParkSS1_04SEP23-06OCT23,LTPSS1,Seattle Urban Carnivore Project,9/4/2023,10/6/2023,32,47.655776,-122.39133,Forest,None
LawtonParkSS1_06OCT23-28OCT23,LTPSS1,Seattle Urban Carnivore Project,10/6/2023,10/28/2023,22,47.655776,-122.39133,Forest,None
LowerWoodlandParkSS1_02OCT23-06NOV23,LWPSS1,Seattle Urban Carnivore Project,10/2/2023,11/6/2023,35,47.66725,-122.34328,Forest,None
LowerWoodlandParkSS1_06SEP23-02OCT23,LWPSS1,Seattle Urban Carnivore Project,9/6/2023,10/2/2023,26,47.66725,-122.34328,Forest,None
MagnusonParkSS1_26AUG23-30SEP23,MGPSS1,Seattle Urban Carnivore Project,8/26/2023,9/30/2023,35,47.680083,-122.251167,Forest,None
MagnusonParkSS1_30SEP23-04NOV23,MGPSS1,Seattle Urban Carnivore Project,9/30/2023,11/4/2023,35,47.680083,-122.251167,Forest,None
NorthRoseHillParkSS1_06SEP23-30SEP23,NRPSS1,Seattle Urban Carnivore Project,9/6/2023,9/30/2023,24,47.6892,-122.17105,Forest,None
NorthRoseHillParkSS1_30SEP23-05NOV23,NRPSS1,Seattle Urban Carnivore Project,9/30/2023,11/5/2023,36,47.6892,-122.17105,Forest,None
RedmondWatershedPreserveSS2_03SEP23-16SEP23,RWPSS2,Seattle Urban Carnivore Project,9/3/2023,9/16/2023,13,47.716111,-122.035278,Forest,None
RedmondWatershedPreserveSS2_08OCT23-12NOV23,RWPSS2,Seattle Urban Carnivore Project,10/8/2023,11/12/2023,35,47.716111,-122.035278,Forest,None
SEWA_N01_DSPSS1_SP22,DSPSS1,Seattle Urban Carnivore Project,9/12/2022,9/30/2022,18,47.6607,-122.4226,Anthropogenic,None
SEWA_N01_LTPSS1_SP22,LTPSS1,Seattle Urban Carnivore Project,9/3/2022,10/29/2022,56,47.6558,-122.3913,Anthropogenic,None
SEWA_N02_DRPSS1_SP22,DRPSS1,Seattle Urban Carnivore Project,9/8/2022,10/10/2022,32,47.6447,-122.3583,Anthropogenic,None
SEWA_N03_IRPSS1_SP22,IRPSS1,Seattle Urban Carnivore Project,9/2/2022,11/19/2022,78,47.6904,-122.2809,Anthropogenic,None
SEWA_N03_MGPSS1_SP22,MGPSS1,Seattle Urban Carnivore Project,8/27/2022,9/29/2022,33,47.6801,-122.2512,Anthropogenic,None
SEWA_N03_RVPSS1_SP22,RVPSS1,Seattle Urban Carnivore Project,9/23/2022,9/26/2022,3,47.673,-122.3091,Anthropogenic,None
SEWA_N04_JBPSS1_SP22,JBPSS1,Seattle Urban Carnivore Project,8/31/2022,10/29/2022,59,47.6962,-122.2021,Anthropogenic,None
SEWA_N07_RWPSS2_SP22,RWPSS2,Seattle Urban Carnivore Project,9/20/2022,10/30/2022,40,47.7161,-122.0353,Anthropogenic,None
SammamishValleyParkSS1_14OCT23-03NOV23,SVPSS1,Seattle Urban Carnivore Project,10/14/2023,11/3/2023,20,47.70661,-122.14924,Forest,None
SammamishValleyParkSS1_31AUG23-14OCT23,SVPSS1,Seattle Urban Carnivore Project,8/31/2023,10/14/2023,44,47.70661,-122.14924,Forest,None
SmithWoodsParkSS1_02SEP23-30SEP23,SWDSS1,Seattle Urban Carnivore Project,9/2/2023,9/30/2023,28,47.70955,-122.10445,Forest,None
SmithWoodsParkSS1_30SEP23-05NOV23,SWDSS1,Seattle Urban Carnivore Project,9/30/2023,11/5/2023,36,47.70955,-122.10445,Forest,None
ID_Forest_Rachlow_UIEF_22_01_01,UIEF_22_01,Snapshot USA 2022,9/4/2022,10/30/2022,56,46.799473,-116.810692,Forest,None
ID_Forest_Rachlow_UIEF_22_11_01,UIEF_22_01,Snapshot USA 2022,9/4/2022,10/30/2022,56,46.799473,-116.810692,Forest,None
OR_Forest_Oregon_State_University_22_ORSNAP01 09/21/2022,Oregon_Forest_Lesmeister_21_loc_01,Snapshot USA 2022,9/21/2022,11/11/2022,51,44.43742,-123.4395317,Forest,None
OR_Forest_Oregon_State_University_22_ORSNAP02 09/21/2022,Oregon_Forest_Lesmeister_21_loc_02,Snapshot USA 2022,9/21/2022,11/11/2022,51,44.43729,-123.4464166,Forest,None
OR_Forest_Oregon_State_University_22_ORSNAP03 09/21/2022,Oregon_Forest_Lesmeister_21_loc_03,Snapshot USA 2022,9/21/2022,11/11/2022,51,44.43307,-123.4523834,Forest,None
OR_Forest_Oregon_State_University_22_ORSNAP04 09/21/2022,Oregon_Forest_Lesmeister_21_loc_04,Snapshot USA 2022,9/21/2022,11/11/2022,51,44.42942,-123.450666,Forest,None
OR_Forest_Oregon_State_University_22_ORSNAP05 09/21/2022,Oregon_Forest_Lesmeister_21_loc_05,Snapshot USA 2022,9/21/2022,11/11/2022,51,44.42244,-123.4467558,Forest,None
OR_Forest_Oregon_State_University_22_ORSNAP06 09/21/2022,Oregon_Forest_Lesmeister_21_loc_06,Snapshot USA 2022,9/21/2022,11/11/2022,51,44.41901,-123.4466669,Forest,None
OR_Forest_Oregon_State_University_22_ORSNAP07 09/21/2022,OR_Forest_Oregon_State_University_22_ORSNAP07,Snapshot USA 2022,9/21/2022,11/11/2022,51,44.41525,-123.4486857,Forest,None
OR_Forest_Oregon_State_University_22_ORSNAP08 09/21/2022,Oregon_Forest_Lesmeister_21_loc_08,Snapshot USA 2022,9/21/2022,11/11/2022,51,44.41209,-123.4538643,Forest,None
OR_Forest_Oregon_State_University_22_ORSNAP09 09/23/2022,Oregon_Forest_Lesmeister_21_loc_09,Snapshot USA 2022,9/23/2022,11/11/2022,49,44.40897,-123.4620278,Forest,Trail game
OR_Forest_Oregon_State_University_22_ORSNAP10 09/23/2022,Oregon_Forest_Lesmeister_21_loc_10,Snapshot USA 2022,9/23/2022,11/11/2022,49,44.40901,-123.4699743,Forest,None
OR_Forest_Oregon_State_University_22_ORSNAP11 09/23/2022,Oregon_Forest_Lesmeister_21_loc_11,Snapshot USA 2022,9/23/2022,11/11/2022,49,44.41071,-123.4772571,Forest,None
OR_Forest_Oregon_State_University_22_ORSNAP12 09/23/2022,Oregon_Forest_Lesmeister_21_loc_12,Snapshot USA 2022,9/23/2022,11/11/2022,49,44.40812,-123.4879106,Forest,None
OR_Forest_Oregon_State_University_22_ORSNAP13 09/23/2022,Oregon_Forest_Lesmeister_21_loc_13,Snapshot USA 2022,10/1/2022,11/11/2022,41,44.41028,-123.4807754,Forest,None
OR_Forest_Oregon_State_University_22_ORSNAP14 09/23/2022,Oregon_Forest_Lesmeister_21_loc_14,Snapshot USA 2022,9/23/2022,11/11/2022,49,44.40988,-123.4575996,Forest,None
OR_Forest_Oregon_State_University_22_ORSNAP15 09/21/2022,Oregon_Forest_Lesmeister_21_loc_15,Snapshot USA 2022,9/21/2022,11/11/2022,51,44.42656,-123.4486214,Forest,None
WA_Forest_Elwha_22_dep_05,WA_Forest_Elwha_Station31,Snapshot USA 2022,8/5/2022,10/4/2022,60,48.10632,-123.65346,Forest,None
WA_Forest_Johnson_22_BT01,WA_Forest_Johnson_22_01,Snapshot USA 2022,8/30/2022,11/8/2022,70,47.66006667,-122.1816167,Forest,None
WA_Forest_Johnson_22_BT02,WA_Forest_Johnson_22_02,Snapshot USA 2022,8/30/2022,11/8/2022,70,47.65628333,-122.1773333,Forest,None
WA_Forest_Johnson_22_BT03,WA_Forest_Johnson_22_03,Snapshot USA 2022,8/30/2022,11/8/2022,70,47.65506667,-122.1808167,Forest,None
WA_Forest_Johnson_22_BT05,WA_Forest_Johnson_22_05,Snapshot USA 2022,8/30/2022,11/1/2022,63,47.65701667,-122.1677167,Forest,None
WA_Forest_Johnson_22_BT06,WA_Forest_Johnson_22_06,Snapshot USA 2022,8/30/2022,11/1/2022,63,47.65936667,-122.1656833,Forest,None
WA_Forest_Johnson_22_BT07,WA_Forest_Johnson_22_07,Snapshot USA 2022,8/30/2022,11/1/2022,63,47.65408333,-122.16585,Forest,None
WA_Forest_Johnson_22_BT08,WA_Forest_Johnson_22_08,Snapshot USA 2022,8/30/2022,11/1/2022,63,47.6503,-122.168,Forest,None
WA_Forest_Johnson_22_BT09,WA_Forest_Johnson_22_09,Snapshot USA 2022,8/30/2022,11/1/2022,63,47.64888333,-122.1650167,Forest,None
WA_Forest_OP_08/17/2022,WA_OP_Cam14,Snapshot USA 2022,8/17/2022,11/4/2022,79,47.9188,-123.0287,Forest,Trail game
ID_Forest_Rural_Rachlow_23_16,rachlow_16,Snapshot USA 2023,8/29/2023,10/24/2023,56,46.78168,-116.794878,Forest,Other
ID_Forest_Rural_Rachlow_23_3,rachlow_16,Snapshot USA 2023,8/28/2023,10/23/2023,56,46.781689,-116.794878,Forest,Other
OR_Forest_OregonStateUni_ORSNAP01 09/22/2023,Oregon_Forest_Lesmeister_21_loc_01,Snapshot USA 2023,9/22/2023,11/3/2023,42,44.43742,-123.4395317,Forest,None
OR_Forest_OregonStateUni_ORSNAP02 09/22/2023,Oregon_Forest_Lesmeister_21_loc_02,Snapshot USA 2023,9/22/2023,11/3/2023,42,44.43729,-123.4464166,Forest,None
OR_Forest_OregonStateUni_ORSNAP03 09/22/2023,Oregon_Forest_Lesmeister_21_loc_03,Snapshot USA 2023,9/22/2023,11/3/2023,42,44.43307,-123.4523834,Forest,None
OR_Forest_OregonStateUni_ORSNAP04 09/22/2023,Oregon_Forest_Lesmeister_21_loc_04,Snapshot USA 2023,9/22/2023,11/3/2023,42,44.42942,-123.450666,Forest,None
OR_Forest_OregonStateUni_ORSNAP05 09/22/2023,Oregon_Forest_Lesmeister_21_loc_05,Snapshot USA 2023,9/22/2023,11/3/2023,42,44.42244,-123.4467558,Forest,None
OR_Forest_OregonStateUni_ORSNAP06 09/22/2023,Oregon_Forest_Lesmeister_21_loc_06,Snapshot USA 2023,9/22/2023,11/3/2023,42,44.41901,-123.4466669,Forest,None
OR_Forest_OregonStateUni_ORSNAP07 09/22/2023,OR_Forest_Oregon_State_University_22_ORSNAP07,Snapshot USA 2023,9/22/2023,11/3/2023,42,44.41525,-123.4486857,Forest,None
OR_Forest_OregonStateUni_ORSNAP08 09/22/2023,Oregon_Forest_Lesmeister_21_loc_08,Snapshot USA 2023,9/22/2023,11/3/2023,42,44.41209,-123.4538643,Forest,None
OR_Forest_OregonStateUni_ORSNAP09 09/22/2023,Oregon_Forest_Lesmeister_21_loc_09,Snapshot USA 2023,9/22/2023,11/3/2023,42,44.40897,-123.4620278,Forest,Road dirt
OR_Forest_OregonStateUni_ORSNAP10 09/22/2023,Oregon_Forest_Lesmeister_21_loc_10,Snapshot USA 2023,9/22/2023,11/3/2023,42,44.40901,-123.4699743,Forest,None
OR_Forest_OregonStateUni_ORSNAP11 09/22/2023,Oregon_Forest_Lesmeister_21_loc_11,Snapshot USA 2023,9/22/2023,11/3/2023,42,44.41071,-123.4772571,Forest,None
OR_Forest_OregonStateUni_ORSNAP12 09/22/2023,Oregon_Forest_Lesmeister_21_loc_12,Snapshot USA 2023,9/22/2023,11/3/2023,42,44.40812,-123.4879106,Forest,None
OR_Forest_OregonStateUni_ORSNAP13 09/22/2023,Oregon_Forest_Lesmeister_21_loc_13,Snapshot USA 2023,9/22/2023,11/3/2023,42,44.41028,-123.4807754,Forest,None
OR_Forest_OregonStateUni_ORSNAP14 09/22/2023,Oregon_Forest_Lesmeister_21_loc_14,Snapshot USA 2023,9/22/2023,11/3/2023,42,44.40988,-123.4575996,Forest,None
OR_Forest_OregonStateUni_ORSNAP15 09/22/2023,Oregon_Forest_Lesmeister_21_loc_15,Snapshot USA 2023,9/22/2023,11/3/2023,42,44.42656,-123.4486214,Forest,None
WA_EastOlympic_14 08/31/2023,WA_OP_Cam14,Snapshot USA 2023,8/31/2023,11/1/2023,62,47.9188,-123.0287,Forest,Trail game
WA_Forest_Johnson_23_BT1,WA_Forest_Johnson_22_01,Snapshot USA 2023,8/29/2023,10/31/2023,63,47.66007,-122.1816167,Forest,None
WA_Forest_Johnson_23_BT2,WA_Forest_Johnson_22_02,Snapshot USA 2023,8/29/2023,11/9/2023,72,47.65628333,-122.1773,Forest,None
WA_Forest_Johnson_23_BT3,WA_Forest_Johnson_22_03,Snapshot USA 2023,8/29/2023,11/9/2023,72,47.65506667,-122.1808167,Forest,None
WA_Forest_Johnson_23_BT5,WA_Forest_Johnson_22_05,Snapshot USA 2023,8/31/2023,11/21/2023,82,47.65701667,-122.1677167,Forest,None
WA_Forest_Johnson_23_BT6,WA_Forest_Johnson_22_06,Snapshot USA 2023,8/31/2023,11/21/2023,82,47.65936667,-122.1656833,Forest,None
WA_Forest_Johnson_23_BT7,WA_Forest_Johnson_22_07,Snapshot USA 2023,8/31/2023,11/21/2023,82,47.65408333,-122.16585,Forest,None
WA_Forest_Johnson_23_BT8,WA_Forest_Johnson_22_08,Snapshot USA 2023,8/31/2023,11/30/2023,91,47.6503,-122.168,Forest,None
WA_Forest_Johnson_23_BT9,WA_Forest_Johnson_22_09,Snapshot USA 2023,8/31/2023,10/31/2023,61,47.64888333,-122.1650167,Forest,None
SEWA_NO1_LWPSS_SP19_OFF,LWPSS1,Seattle Urban Carnivore Project,9/6/2019,11/1/2019,56,47.66725,-122.34328,Anthropogenic,Trail hiking
SEWA_NO3_IRPSS_SP19_OFF,IRPSS1,Seattle Urban Carnivore Project,9/5/2019,10/31/2019,56,47.69039,-122.28094,Anthropogenic,None
OR_Forest_Oregon_State_University_12,Oregon_Forest_Lesmeister_21_loc_10,Snapshot USA 2019,9/6/2019,10/23/2019,47,44.40901,-123.46996,Forest,None
OR_Forest_Oregon_State_University_3,Oregon_Forest_Lesmeister_21_loc_03,Snapshot USA 2019,9/6/2019,9/18/2019,12,44.43306,-123.45237,Forest,None
OR_Forest_Oregon_State_University_9,Oregon_Forest_Lesmeister_21_loc_09,Snapshot USA 2019,9/6/2019,10/23/2019,47,44.40896,-123.46201,Forest,None
OR_Forest_Oregon_State_University_20_01,Oregon_Forest_Lesmeister_21_loc_01,Snapshot USA 2020,9/4/2020,10/24/2020,50,44.4374,-123.4395,Forest,None
OR_Forest_Oregon_State_University_20_02,Oregon_Forest_Lesmeister_21_loc_02,Snapshot USA 2020,9/4/2020,10/24/2020,50,44.4373,-123.4464,Forest,None
OR_Forest_Oregon_State_University_20_03,Oregon_Forest_Lesmeister_21_loc_03,Snapshot USA 2020,9/4/2020,10/24/2020,50,44.4331,-123.4524,Forest,None
OR_Forest_Oregon_State_University_20_05,Oregon_Forest_Lesmeister_21_loc_05,Snapshot USA 2020,9/4/2020,10/24/2020,50,44.4224,-123.4468,Forest,None
OR_Forest_Oregon_State_University_20_06,Oregon_Forest_Lesmeister_21_loc_06,Snapshot USA 2020,9/4/2020,10/24/2020,50,44.419,-123.4467,Forest,None
OR_Forest_Oregon_State_University_20_07,Oregon_Forest_Lesmeister_21_loc_07,Snapshot USA 2020,9/4/2020,10/24/2020,50,44.4153,-123.4487,Forest,None
OR_Forest_Oregon_State_University_20_08,Oregon_Forest_Lesmeister_21_loc_08,Snapshot USA 2020,9/4/2020,10/24/2020,50,44.4121,-123.4539,Forest,None
OR_Forest_Oregon_State_University_20_09,Oregon_Forest_Lesmeister_21_loc_09,Snapshot USA 2020,9/4/2020,10/24/2020,50,44.409,-123.462,Forest,Trail hiking
OR_Forest_Oregon_State_University_20_10,Oregon_Forest_Lesmeister_21_loc_10,Snapshot USA 2020,9/8/2020,10/24/2020,46,44.409,-123.47,Forest,None
OR_Forest_Oregon_State_University_20_11,Oregon_Forest_Lesmeister_21_loc_11,Snapshot USA 2020,9/4/2020,10/24/2020,50,44.4107,-123.4773,Forest,None
OR_Forest_Oregon_State_University_20_12,Oregon_Forest_Lesmeister_21_loc_12,Snapshot USA 2020,9/4/2020,10/24/2020,50,44.4081,-123.4879,Forest,None
OR_Forest_Oregon_State_University_20_13,Oregon_Forest_Lesmeister_21_loc_13,Snapshot USA 2020,9/7/2020,10/24/2020,47,44.4103,-123.4808,Forest,None
OR_Forest_Oregon_State_University_20_14,Oregon_Forest_Lesmeister_21_loc_14,Snapshot USA 2020,9/4/2020,10/24/2020,50,44.4099,-123.4576,Forest,None
OR_Forest_Oregon_State_University_20_15,Oregon_Forest_Lesmeister_21_loc_15,Snapshot USA 2020,9/4/2020,10/24/2020,50,44.4266,-123.4486,Forest,None
SEWA_N03_IRPSS_SP20_OFF,IRPSS1,Snapshot USA 2020,9/4/2020,10/19/2020,45,47.69039,-122.28094,Anthropogenic,None
SEWA_N03_MGPSS_SP20_OFF,MGPSS1,Snapshot USA 2020,10/13/2020,11/21/2020,39,47.68008,-122.25117,Anthropogenic,None
SEWA_N03_RVPSS_SP20_OFF,RVPSS1,Snapshot USA 2020,8/30/2020,10/28/2020,59,47.67296,-122.3091,Anthropogenic,None
SEWA_N04_JBPSS_SP20_OFF,JBPSS1,Snapshot USA 2020,9/4/2020,10/24/2020,50,47.6962,-122.2021,Anthropogenic,Trail hiking
SEWA_N05_SVPSS_SP20_OFF,SVPSS1,Snapshot USA 2020,8/28/2020,10/30/2020,63,47.70661,-122.14924,Anthropogenic,None
WA_Forest_Lower_Elwha_20_11,WA_Forest_Elwha_Station31,Snapshot USA 2020,8/30/2020,11/6/2020,68,48.10633,-123.65345,Forest,None
WA_Forest_McGarry_VNC Cam1_Station 11_2022,WA_Forest_McGarry_Station-11_22,Snapshot USA 2022,9/1/2022,10/15/2022,44,47.42744,-122.49948,Forest,Trail hiking
WA_Forest_McGarry_VNC Cam1_Station 12_2022,WA_Forest_McGarry_Station-12_22,Snapshot USA 2022,8/31/2022,11/2/2022,63,47.40914,-122.44652,Forest,None
WA_Forest_McGarry_VNC Cam1_Station 13_2022,WA_Forest_McGarry_Station-13_22,Snapshot USA 2022,9/1/2022,10/31/2022,60,47.40926,-122.47317,Forest,None
WA_Forest_McGarry_VNC Cam1_Station 16_2022,WA_Forest_McGarry_Station-16_22,Snapshot USA 2022,9/1/2022,11/7/2022,67,47.39283,-122.42074,Forest,None
WA_Forest_McGarry_VNC Cam1_Station 17_2022,WA_Forest_McGarry_Station-17_22,Snapshot USA 2022,9/5/2022,11/1/2022,57,47.39125,-122.47333,Forest,None
WA_Forest_McGarry_VNC Cam1_Station 21_2022,WA_Forest_McGarry_Station-21_22,Snapshot USA 2022,9/5/2022,11/8/2022,64,47.37314,-122.447,Forest,None
WA_Forest_McGarry_VNC Cam1_Station 22_2022,WA_Forest_McGarry_Station-22_22,Snapshot USA 2022,9/25/2022,10/26/2022,31,47.37338,-122.49998,Forest,None
WA_Forest_McGarry_VNC Cam1_Station 25_2022,WA_Forest_McGarry_Station-24_22,Snapshot USA 2022,9/1/2022,11/3/2022,63,47.35539,-122.50015,Forest,None
WA_Forest_McGarry_VNC Cam1_Station 2_2022,WA_Forest_McGarry_Station-2_22,Snapshot USA 2022,9/1/2022,9/27/2022,26,47.48124,-122.47241,Forest,None
WA_Forest_McGarry_VNC Cam1_Station 4_2022,WA_Forest_McGarry_Station-4_22,Snapshot USA 2022,9/2/2022,10/30/2022,58,47.46321,-122.47251,Forest,None
WA_Forest_McGarry_VNC Cam1_Station 5_2022,WA_Forest_McGarry_Station-5_22,Snapshot USA 2022,9/1/2022,10/31/2022,60,47.46589,-122.49884,Forest,None
WA_Forest_McGarry_VNC Cam1_Station 9_2022,WA_Forest_McGarry_Station-9_22,Snapshot USA 2022,9/1/2022,10/30/2022,59,47.42715,-122.44608,Forest,None
WA_Forest_McGarry_VNC Cam1_Station x_2022,WA_Forest_McGarry_Station-x_22,Snapshot USA 2022,8/31/2022,10/31/2022,61,47.40295,-122.47264,Forest,None
WA_Forest_McGarry_VNC Cam2_Station 23_2022,WA_Forest_McGarry_Station-23_22,Snapshot USA 2022,9/19/2022,11/1/2022,43,47.35527,-122.47366,Forest,None
